{
    "newPartField": "",
    "parts": {
        "sticker2d1": {
            "allowDiscardFrame": true,
            "enable": true,
            "frameCount": 1,
            "group_id": -1,
            "group_name": "",
            "height": 421,
            "hotlinkEnable": false,
            "opacity": 1,
            "position": {
                "positionX": [
                    {
                        "index": 74,
                        "x": 281.71,
                        "y": 543.83
                    },
                    {
                        "index": 77,
                        "x": 488.87,
                        "y": 542.54
                    }
                ],
                "positionY": [
                ]
            },
            "positionRelationType": 1,
            "positionType": 1,
            "rotateCenter": [
                {
                    "index": 46,
                    "x": 385.85,
                    "y": 655.92
                }
            ],
            "scale": {
                "scaleX": {
                    "pointA": [
                        {
                            "index": 74,
                            "x": 281.71,
                            "y": 543.83
                        }
                    ],
                    "pointB": [
                        {
                            "index": 77,
                            "x": 488.87,
                            "y": 542.54
                        }
                    ]
                },
                "scaleY": {
                    "pointA": [
                    ],
                    "pointB": [
                    ]
                }
            },
            "sinceSdk": "7.0.0",
            "stickerGroup": {
                "groupSize": 1,
                "index": 0
            },
            "targetFPS": 25,
            "targetType": "FACE",
            "width": 770,
            "zPosition": 5502
        },
        "sticker2d2": {
            "allowDiscardFrame": true,
            "blendMode": "normal",
            "enable": true,
            "frameCount": 1,
            "group_id": -1,
            "group_name": "",
            "height": 291,
            "hotlinkEnable": false,
            "opacity": 1,
            "position": {
                "positionX": [
                    {
                        "index": 74,
                        "x": -12.29,
                        "y": 543.83
                    },
                    {
                        "index": 77,
                        "x": 194.87,
                        "y": 542.54
                    }
                ],
                "positionY": [
                ]
            },
            "positionRelationType": 1,
            "positionType": 1,
            "rotateCenter": [
                {
                    "index": 46,
                    "x": 91.85,
                    "y": 655.92
                }
            ],
            "scale": {
                "scaleX": {
                    "pointA": [
                        {
                            "index": 74,
                            "x": -12.29,
                            "y": 543.83
                        }
                    ],
                    "pointB": [
                        {
                            "index": 77,
                            "x": 194.87,
                            "y": 542.54
                        }
                    ]
                },
                "scaleY": {
                    "pointA": [
                    ],
                    "pointB": [
                    ]
                }
            },
            "sinceSdk": "7.0.0",
            "stickerGroup": {
                "groupSize": 1,
                "index": 0
            },
            "targetFPS": 25,
            "targetType": "FACE",
            "width": 209,
            "zPosition": 5503
        }
    },
    "sinceSdk": "7.0.0",
    "stickerType": "2D",
    "studioVersion": "mac_v1.3.0",
    "totalMem": 1,
    "transitions": {
        "Transition001": {
            "conditions": [
                {
                    "preState": "",
                    "triggers": "H.face.appear"
                }
            ],
            "randomShow": false,
            "targets": [
                {
                    "delay": 0,
                    "delayTime": 0,
                    "fadingFrame": 0,
                    "lastingFrame": 0,
                    "loop": 0,
                    "targetPart": "sticker2d1",
                    "targetState": "playing",
                    "useTime": false
                }
            ]
        },
        "Transition002": {
            "conditions": [
                {
                    "preState": "",
                    "triggers": "H.face.appear"
                }
            ],
            "randomShow": false,
            "targets": [
                {
                    "delay": 0,
                    "delayTime": 0,
                    "fadingFrame": 0,
                    "lastingFrame": 0,
                    "loop": 0,
                    "targetPart": "sticker2d2",
                    "targetState": "playing",
                    "useTime": false
                }
            ]
        }
    },
    "version": "3.0",
    "version2": "3.1"
}
